user_id,username,email,age,gender,country,city,address,phone,occupation,join_date
user_8377aedb,MovieLover77aedb,movielover77aedb311@outlook.com,24,Non-binary,France,Paris,"264 Church St, Nice",+49-149-1045207,Consultant,2020-07-14
user_499fa2da,MovieLover9fa2da,movielover9fa2da@gmail.com,18,Prefer not to say,Ireland,Riverside,"7345 Second Ave, Downtown",+39-345-669-9882,Photographer,2022-12-08
user_c16f8e07,MovieLover6f8e07,movielover6f8e07683@gmail.com,9,Prefer not to say,Germany,Stuttgart,"9777 Queen Ave, Frankfurt",+61-3-6595-5402,Student,2023-10-05
user_f987098a,MovieLover87098a,movielover87098a965@hotmail.com,64,Female,Italy,Rome,"2067 Oak Ave, Venice",+61-1-9870-0438,Researcher,2021-05-27
user_aebf7c47,MovieLoverbf7c47,movieloverbf7c47883@hotmail.com,8,Prefer not to say,Norway,Capital City,"7167 Queen Ave, Central City",+39-648-222-7678,Student,2021-06-24
user_06cb6a2a,MovieLovercb6a2a,movielovercb6a2a@yahoo.com,69,Male,Singapore,Central City,"6418 King St, Metro City",+33-8-86-87-51-07,Administrator,2020-02-02
user_ced3b2a0,MovieLoverd3b2a0,movieloverd3b2a0@hotmail.com,22,Female,Argentina,Riverside,"45 Main St, Metro City",+1-718-886-9558,Entrepreneur,2023-02-09
user_0882a54e,MovieLover82a54e,movielover82a54e@hotmail.com,27,Female,Italy,Naples,"1968 Main St, Venice",+1-191-862-1518,Lawyer,2022-07-11
user_40d475ed,MovieLoverd475ed,movieloverd475ed444@gmail.com,55,Female,United Kingdom,Liverpool,"2315 High St, London",+49-213-1138334,Psychologist,2021-04-06
user_fa7bb13d,MovieLover7bb13d,movielover7bb13d@icloud.com,50,Male,Denmark,Capital City,"345 Main St, Riverside",+1-933-173-3257,Engineer,2024-06-06
user_17b70d84,MovieLoverb70d84,movieloverb70d84@gmail.com,9,Male,France,Strasbourg,"3282 Main St, Strasbourg",+49-576-5157367,Student,2022-09-12
user_1d145964,MovieLover145964,movielover145964@outlook.com,69,Female,Finland,Downtown,"4235 Main St, Metro City",+49-239-6433895,Engineer,2021-04-23
user_fa18160d,MovieLover18160d,movielover18160d@yahoo.com,70,Prefer not to say,Australia,Gold Coast,"832 Oak Ave, Brisbane",+44-7463-475148,Engineer,2021-06-20
user_766be105,MovieLover6be105,movielover6be105578@hotmail.com,55,Prefer not to say,Ireland,Central City,"4626 Second Ave, Capital City",+61-5-0442-1851,Writer,2020-03-20
user_bc0d15f8,MovieLover0d15f8,movielover0d15f8769@icloud.com,37,Male,Denmark,Riverside,"2099 Oak Ave, Central City",+49-330-5608604,Journalist,2023-09-30
user_2f39413c,MovieLover39413c,movielover39413c771@protonmail.com,25,Male,Finland,Downtown,"275 Church St, Metro City",+1-875-778-4519,Teacher,2022-05-04
user_5a9afe40,MovieLover9afe40,movielover9afe40@gmail.com,31,Female,India,Mumbai,"1750 Church St, Chennai",+33-3-20-93-08-68,Consultant,2020-01-13
user_ceface5e,MovieLoverface5e,movieloverface5e@gmail.com,21,Prefer not to say,New Zealand,Riverside,"9475 Queen Ave, Metro City",+44-4401-132995,Analyst,2021-01-25
user_64d431b3,MovieLoverd431b3,movieloverd431b3@gmail.com,54,Non-binary,Italy,Rome,"9389 King St, Rome",+33-8-15-61-67-45,Entrepreneur,2024-11-26
user_63dd025e,MovieLoverdd025e,movieloverdd025e910@icloud.com,32,Prefer not to say,United States,Chicago,"9466 Second Ave, San Antonio",+33-4-49-28-73-90,Pharmacist,2024-09-06
user_a7a9afdd,MovieLovera9afdd,movielovera9afdd@yahoo.com,18,Male,Denmark,Downtown,"7847 Second Ave, Central City",+44-6485-808630,Psychologist,2022-10-13
user_c4161c23,MovieLover161c23,movielover161c2312@outlook.com,37,Female,Singapore,Central City,"406 Main St, Metro City",+33-4-15-37-88-18,Entrepreneur,2022-06-21
user_19ead7ee,MovieLoveread7ee,movieloveread7ee141@gmail.com,53,Prefer not to say,France,Paris,"9964 First St, Nice",+49-449-5526071,Writer,2023-06-24
user_c67a35a0,MovieLover7a35a0,movielover7a35a0@gmail.com,17,Prefer not to say,Japan,Tokyo,"8090 School Rd, Yokohama",+44-1045-784303,Student,2023-07-15
user_940c6b75,MovieLover0c6b75,movielover0c6b75@yahoo.com,37,Male,Spain,Barcelona,"3444 First St, Seville",+33-3-03-58-35-86,Nurse,2024-02-24
user_65f945ff,MovieLoverf945ff,movieloverf945ff496@outlook.com,21,Prefer not to say,Chile,Downtown,"4040 Church St, Capital City",+1-564-105-1476,Photographer,2024-02-11
user_90ecf8fe,MovieLoverecf8fe,movieloverecf8fe286@yahoo.com,17,Female,Belgium,Metro City,"3558 Second Ave, Metro City",+39-110-937-2790,Student,2024-05-05
user_cd6069a6,MovieLover6069a6,movielover6069a6395@gmail.com,23,Female,Argentina,Central City,"8390 High St, Capital City",+49-818-9668078,Translator,2024-11-26
user_946201e1,MovieLover6201e1,movielover6201e1@outlook.com,63,Non-binary,France,Toulouse,"9643 First St, Lyon",+39-613-180-6579,Chef,2021-05-24
user_54041c2d,MovieLover041c2d,movielover041c2d@protonmail.com,56,Prefer not to say,Australia,Gold Coast,"1167 First St, Canberra",+33-2-18-63-27-76,Entrepreneur,2024-06-01
user_8fea2925,MovieLoverea2925,movieloverea2925@gmail.com,22,Prefer not to say,Chile,Riverside,"7468 Oak Ave, Riverside",+44-6390-516561,Pharmacist,2022-08-23
user_d0cf19fe,MovieLovercf19fe,movielovercf19fe@yahoo.com,21,Prefer not to say,Japan,Kyoto,"8132 Oak Ave, Kyoto",+44-0684-160998,Psychologist,2022-11-14
user_e0cdbbd6,MovieLovercdbbd6,movielovercdbbd6124@outlook.com,21,Non-binary,Switzerland,Downtown,"718 High St, Central City",+1-960-752-5595,Researcher,2020-08-24
user_8b000600,MovieLover000600,movielover000600@yahoo.com,39,Non-binary,Czech Republic,Riverside,"2414 School Rd, Downtown",+1-670-511-5521,Accountant,2023-07-27
user_5dabc066,MovieLoverabc066,movieloverabc066@hotmail.com,52,Male,Netherlands,Amsterdam,"2359 King St, The Hague",+44-7429-235752,Pilot,2022-07-22
user_0b91efdc,MovieLover91efdc,movielover91efdc@outlook.com,24,Non-binary,Austria,Capital City,"5462 Queen Ave, Downtown",+39-374-748-8704,Architect,2023-02-24
user_c818bd1e,MovieLover18bd1e,movielover18bd1e@icloud.com,16,Male,Singapore,Central City,"7859 First St, Central City",+61-3-1383-5432,Student,2024-09-13
user_1154ad2d,MovieLover54ad2d,movielover54ad2d@icloud.com,10,Prefer not to say,South Korea,Riverside,"9202 High St, Central City",+33-1-82-47-40-21,Student,2020-03-08
user_42c9ec2d,MovieLoverc9ec2d,movieloverc9ec2d@protonmail.com,39,Non-binary,Spain,Seville,"4 Second Ave, Málaga",+49-354-1884057,Sales Representative,2021-10-19
user_0fcb63da,MovieLovercb63da,movielovercb63da988@gmail.com,43,Non-binary,Italy,Naples,"7925 First St, Rome",+61-9-1193-5129,Accountant,2024-11-03
user_e3e6ce49,MovieLovere6ce49,movielovere6ce49@protonmail.com,18,Prefer not to say,Italy,Venice,"6813 Main St, Naples",+39-167-025-7525,Administrator,2023-07-18
user_3ff68a84,MovieLoverf68a84,movieloverf68a84@icloud.com,28,Prefer not to say,France,Lyon,"3531 School Rd, Nice",+1-371-953-7527,Administrator,2022-04-20
user_04bb774b,MovieLoverbb774b,movieloverbb774b525@gmail.com,14,Female,Chile,Metro City,"3343 School Rd, Capital City",+61-1-7148-1588,Student,2022-11-01
user_fad8c093,MovieLoverd8c093,movieloverd8c093@icloud.com,60,Male,Belgium,Metro City,"4169 Church St, Downtown",+49-638-0477249,Accountant,2024-05-11
user_2d7135f2,MovieLover7135f2,movielover7135f2816@gmail.com,12,Male,Canada,Calgary,"1399 Main St, Quebec City",+49-616-5161114,Student,2023-05-18
user_7c41ceb8,MovieLover41ceb8,movielover41ceb8@yahoo.com,38,Prefer not to say,Ireland,Metro City,"5449 High St, Central City",+61-4-8313-9398,Software Engineer,2024-05-19
user_fcf8186f,MovieLoverf8186f,movieloverf8186f@hotmail.com,15,Non-binary,Ireland,Downtown,"5272 School Rd, Metro City",+44-0998-864070,Student,2024-02-23
user_0230cd16,MovieLover30cd16,movielover30cd16@yahoo.com,40,Male,Australia,Canberra,"4272 Second Ave, Adelaide",+39-530-570-5704,Doctor,2021-06-18
user_c993f17d,MovieLover93f17d,movielover93f17d@yahoo.com,49,Prefer not to say,Japan,Kyoto,"4820 School Rd, Osaka",+33-5-73-07-74-44,Designer,2022-10-21
user_2eddca63,MovieLoverddca63,movieloverddca63@outlook.com,14,Male,Austria,Metro City,"3449 Park Rd, Riverside",+49-150-7503222,Student,2021-10-22
user_56d5ec49,MovieLoverd5ec49,movieloverd5ec49@outlook.com,25,Male,Ireland,Metro City,"8567 Main St, Central City",+49-419-8170282,Entrepreneur,2024-12-01
user_751f0d15,MovieLover1f0d15,movielover1f0d15@hotmail.com,27,Prefer not to say,Switzerland,Central City,"1939 School Rd, Central City",+49-401-6053134,Scientist,2022-05-31
user_a98c1474,MovieLover8c1474,movielover8c1474304@gmail.com,20,Non-binary,Switzerland,Metro City,"8321 Oak Ave, Metro City",+49-261-6391088,Librarian,2022-06-12
user_70e93c27,MovieLovere93c27,movielovere93c27@yahoo.com,46,Female,Italy,Florence,"3435 King St, Naples",+44-4593-055853,Pilot,2021-12-10
user_5935b6f1,MovieLover35b6f1,movielover35b6f1297@yahoo.com,32,Non-binary,Switzerland,Central City,"2053 Main St, Riverside",+44-7501-998310,Social Worker,2022-05-19
user_f69e35be,MovieLover9e35be,movielover9e35be@protonmail.com,66,Non-binary,Spain,Seville,"9512 Park Rd, Valencia",+49-688-0932226,Engineer,2021-08-25
user_fdff10ee,MovieLoverff10ee,movieloverff10ee@yahoo.com,25,Female,Australia,Gold Coast,"2728 Church St, Canberra",+39-214-077-8369,Chef,2024-02-23
user_eb6d6ef3,MovieLover6d6ef3,movielover6d6ef3619@icloud.com,15,Female,Norway,Metro City,"5415 First St, Riverside",+49-541-4665441,Student,2022-10-22
user_28b30d40,MovieLoverb30d40,movieloverb30d40@yahoo.com,71,Female,Czech Republic,Metro City,"8971 Queen Ave, Central City",+49-705-2362674,Consultant,2022-10-18
user_2ab7ecee,MovieLoverb7ecee,movieloverb7ecee635@gmail.com,19,Male,Singapore,Riverside,"4621 First St, Central City",+61-8-9375-3097,Writer,2024-03-22
user_15bef7a8,MovieLoverbef7a8,movieloverbef7a8@protonmail.com,11,Non-binary,Chile,Capital City,"1735 Queen Ave, Capital City",+49-254-8091551,Student,2023-01-20
user_c504aa54,MovieLover04aa54,movielover04aa54@gmail.com,63,Prefer not to say,Brazil,Brasília,"1528 Park Rd, Fortaleza",+49-110-4966368,Designer,2023-04-18
user_a394e6df,MovieLover94e6df,movielover94e6df@gmail.com,14,Prefer not to say,Poland,Downtown,"2757 Church St, Downtown",+33-3-46-91-82-75,Student,2023-11-04
user_e8630d97,MovieLover630d97,movielover630d97@gmail.com,25,Male,Ireland,Metro City,"7363 Oak Ave, Riverside",+44-7637-715968,Engineer,2020-07-08
user_5b71ba3b,MovieLover71ba3b,movielover71ba3b@yahoo.com,30,Non-binary,Czech Republic,Capital City,"6906 First St, Central City",+39-830-472-5208,Sales Representative,2022-10-26
user_6e04d8d9,MovieLover04d8d9,movielover04d8d9659@protonmail.com,28,Female,Canada,Quebec City,"9327 Main St, Ottawa",+39-434-125-3371,Analyst,2022-07-16
user_2235e665,MovieLover35e665,movielover35e665@gmail.com,24,Male,Belgium,Downtown,"544 School Rd, Central City",+61-2-7771-1886,Lawyer,2023-06-19
user_8cc1b678,MovieLoverc1b678,movieloverc1b678@gmail.com,47,Male,India,Chennai,"5860 Church St, Mumbai",+49-853-6703051,Photographer,2024-03-15
user_994a3467,MovieLover4a3467,movielover4a3467@outlook.com,12,Male,Canada,Quebec City,"311 High St, Vancouver",+33-6-35-55-38-72,Student,2021-07-23
user_ab3177f6,MovieLover3177f6,movielover3177f6@icloud.com,22,Non-binary,New Zealand,Metro City,"9690 Queen Ave, Capital City",+61-7-5372-8760,Writer,2022-05-05
user_cb6f953e,MovieLover6f953e,movielover6f953e@yahoo.com,74,Female,Norway,Downtown,"9430 School Rd, Central City",+1-295-939-7122,Sales Representative,2024-11-21
user_4928a9d5,MovieLover28a9d5,movielover28a9d5@protonmail.com,54,Male,Spain,Barcelona,"9297 Park Rd, Málaga",+49-720-6763429,Social Worker,2022-12-31
user_32308234,MovieLover308234,movielover308234@icloud.com,51,Female,Czech Republic,Central City,"3336 King St, Riverside",+44-7439-866697,Nurse,2020-02-15
user_7ef8482a,MovieLoverf8482a,movieloverf8482a@gmail.com,77,Female,Netherlands,Eindhoven,"480 Second Ave, Utrecht",+61-1-1473-2730,Entrepreneur,2022-12-25
user_96aacd7f,MovieLoveraacd7f,movieloveraacd7f@outlook.com,51,Female,Australia,Sydney,"595 King St, Canberra",+61-8-3501-0412,Writer,2023-10-05
user_0b761540,MovieLover761540,movielover761540@yahoo.com,11,Non-binary,New Zealand,Riverside,"308 Queen Ave, Central City",+44-3505-629697,Student,2024-02-14
user_0796c9f1,MovieLover96c9f1,movielover96c9f1@gmail.com,61,Male,Germany,Hamburg,"648 School Rd, Munich",+49-283-0245864,Translator,2022-01-01
user_86f18b94,MovieLoverf18b94,movieloverf18b94@outlook.com,69,Female,Argentina,Downtown,"3698 Park Rd, Metro City",+44-1512-207329,Social Worker,2024-03-12
user_540cb105,MovieLover0cb105,movielover0cb105@gmail.com,26,Male,India,Delhi,"3600 Second Ave, Hyderabad",+39-747-555-3831,Student,2024-01-08
user_58118477,MovieLover118477,movielover118477@yahoo.com,62,Female,Finland,Capital City,"6754 High St, Central City",+61-8-9504-5701,Marketing Manager,2020-07-05
user_7c4e754f,MovieLover4e754f,movielover4e754f@gmail.com,20,Male,Poland,Capital City,"3649 First St, Capital City",+44-2144-102978,Translator,2022-06-02
user_d041d598,MovieLover41d598,movielover41d598337@protonmail.com,27,Non-binary,Switzerland,Central City,"7431 Second Ave, Riverside",+39-738-547-7103,Analyst,2022-10-04
user_9b551356,MovieLover551356,movielover551356@hotmail.com,22,Female,Austria,Metro City,"8179 High St, Metro City",+49-377-0194627,Accountant,2022-09-25
user_339b1c50,MovieLover9b1c50,movielover9b1c50379@gmail.com,21,Non-binary,Japan,Kyoto,"4792 Main St, Nagoya",+1-756-162-8821,Scientist,2022-04-01
user_8be6b0ed,MovieLovere6b0ed,movielovere6b0ed@outlook.com,40,Female,Norway,Downtown,"3922 First St, Central City",+49-556-1185520,Sales Representative,2024-03-09
user_373ba695,MovieLover3ba695,movielover3ba695@icloud.com,62,Female,Netherlands,Rotterdam,"4019 High St, The Hague",+33-7-69-02-40-34,Writer,2023-12-07
user_2385ca45,MovieLover85ca45,movielover85ca45@gmail.com,45,Prefer not to say,Czech Republic,Capital City,"8891 Oak Ave, Central City",+49-803-0468003,Researcher,2022-10-05
user_a44eba37,MovieLover4eba37,movielover4eba3773@icloud.com,11,Female,Chile,Riverside,"9080 Park Rd, Downtown",+61-4-3838-5112,Student,2022-04-30
user_d02e5d6f,MovieLover2e5d6f,movielover2e5d6f@yahoo.com,16,Prefer not to say,Norway,Riverside,"713 Second Ave, Central City",+44-2295-171712,Student,2021-11-07
user_fa510c35,MovieLover510c35,movielover510c35@outlook.com,20,Prefer not to say,Belgium,Riverside,"7775 School Rd, Central City",+1-796-021-1041,Teacher,2021-05-23
user_89a0dd31,MovieLovera0dd31,movielovera0dd31@icloud.com,15,Female,Netherlands,Rotterdam,"8417 School Rd, Eindhoven",+61-2-9413-2630,Student,2020-10-05
user_b784bbe8,MovieLover84bbe8,movielover84bbe8@hotmail.com,75,Female,Switzerland,Downtown,"8430 First St, Central City",+33-3-48-75-54-68,Sales Representative,2024-07-06
user_f69fd4d6,MovieLover9fd4d6,movielover9fd4d6@gmail.com,33,Male,Denmark,Capital City,"9134 Church St, Central City",+61-4-2920-2605,Librarian,2024-05-27
user_5bacf7f4,MovieLoveracf7f4,movieloveracf7f4@protonmail.com,77,Male,Czech Republic,Downtown,"740 Park Rd, Metro City",+1-189-203-8581,Psychologist,2024-09-02
user_738b6473,MovieLover8b6473,movielover8b6473@gmail.com,11,Male,Argentina,Capital City,"7173 Oak Ave, Central City",+61-5-8727-3752,Student,2023-02-12
user_1997d96a,MovieLover97d96a,movielover97d96a977@icloud.com,64,Female,India,Kolkata,"8845 Oak Ave, Chennai",+33-2-75-92-83-52,Lawyer,2022-09-02
user_6b388927,MovieLover388927,movielover388927@hotmail.com,19,Non-binary,Italy,Venice,"4760 Second Ave, Florence",+49-588-4811188,Researcher,2022-09-14
user_13c8959b,MovieLoverc8959b,movieloverc8959b@gmail.com,72,Non-binary,Norway,Downtown,"1096 King St, Downtown",+49-095-4596877,Therapist,2022-07-10
user_77839a05,MovieLover839a05,movielover839a05@outlook.com,34,Non-binary,Sweden,Riverside,"1417 High St, Riverside",+39-276-464-3864,Pilot,2023-11-02
user_a5530e97,MovieLover530e97,movielover530e97477@gmail.com,40,Male,United Kingdom,Manchester,"7258 High St, Edinburgh",+44-6156-390385,Therapist,2020-05-09